{
    "nni": true,
    "seed": 0,
    "batch_size": 128,       
    "epochs": 100,           
    "learning_rate": 0.009408520393306414,
    "input_dim": 56, 
    "hidden_dim": 127,
    "output_dim": 2,
    "dropout_ratio": 0.36423512731202634,
    "use_batch_norm": true
}